순위	단어	품사	풀이	등급
1195	가게	명		A
648	가깝다	형		A
852	가끔	부		A
25	가다01	동		A
150	가다01	보		A
698	가르치다01	동		A
1530	가방01	명	~을 메다	A
1189	가볍다	형		A
2000	가수11	명	歌手	A
384	가슴01	명		A
264	가운데	명		A
1268	가을01	명		A
127	가장01	부		A
1060	가져오다	동		A
409	가족01	명	家族	A
94	가지다	동		A
514	가지다	보		A
7438	간호사	명	看護師	A
12246	갈비01	명		A
3343	감기04	명	感氣	A
6352	감사08	명	感謝	A
3847	감사하다05	형	感謝-	A
4966	감사하다05	동	感謝-	A
475	갑자기	부		A
788	값	명		A
1812	강01	명	江	A
22	같다	형		A
203	같이	부		A
1569	개03	명	동물	A
85	개10	의	個	A
799	개월	의	個月	A
3102	거01	대	것	A
20	거01	의	것	A
293	거기01	대		A
1258	거리01	명	길~	A
2109	거울01	명		A
1129	걱정	명		A
2491	걱정하다	동		A
647	건강03	명	健康	A
1297	건강하다02	형	健康-	A
649	건물03	명	建物	A
546	걷다02	동	느릿느릿 ~	A
716	걸다02	동	옷을 ~	A
1970	걸어가다	동		A
4041	걸어오다01	동	집까지 ~	A
3064	검은색	명	-色	A
1	것01	의		A
877	게임	명	game	A
920	겨울	명		A
601	결혼	명	結婚	A
3389	결혼식	명	結婚式	A
1130	결혼하다	동	結婚-	A
	경복궁	고	景福宮	A
	경주	고	慶州	A
632	경찰04	명	警察	A
2329	경찰관	명	警察官	A
3214	경찰서	명	警察署	A
5452	경치02	명	景致	A
6951	계란	명	鷄卵	A
405	계속04	부	繼續	A
1432	계시다	보		A
1163	계시다	동		A
2520	계절01	명	季節	A
400	계획01	명	計劃	A
1055	고기01	명		A
1337	고등학교	명	高等學校	A
7445	고등학생	명	高等學生	A
857	고맙다01	형		A
1987	고양이	명		A
5860	고프다	형		A
593	고향02	명	故鄕	A
307	곧01	부		A
116	곳01	명		A
988	공01	명	축구~	A
490	공부01	명	工夫	A
807	공부하다	동	工夫-	A
2950	공원03	명	公園	A
8672	공중전화	명	公衆電話	A
5179	공책01	명	空冊	A
2433	공항02	명	空港	A
9466	공휴일	명	公休日	A
996	과10	명	課	A
1491	과일01	명		A
4402	과자02	명	菓子	A
813	괜찮다	형		A
2887	교과서	명	敎科書	A
371	교수06	명	敎授	A
1339	교실	명	敎室	A
1249	교통01	명	交通	A
1708	교회02	명	敎會	A
10999	구01	수	九	A
2705	구경01	명		A
3217	구두01	명		A
2493	구름01	명		A
	구십	수	九十	A
1076	구월02	명	九月	A
2434	군인	명	軍人	A
1672	권01	의	卷	A
840	귀01	명		A
15	그01	대		A
9	그01	관		A
1164	그02	감		A
139	그거	대		A
48	그것	대		A
860	그곳	대		A
672	그날	명		A
473	그동안	명		A
187	그때	명		A
330	그래01	감		A
1229	그래03	불	그리하여	A
134	그래서	부		A
9061	그래서	불	그리하여서	A
34	그러나	부		A
785	그러니까	부		A
636	그러면	부		A
142	그런데	부		A
457	그럼01	부	'그러면'의 준말	A
2736	그럼02	감		A
38	그렇다	형		A
1120	그렇지만	부		A
1563	그릇01	명		A
52	그리고	부		A
439	그리다02	동	그림을 ~	A
362	그림01	명		A
2706	그분	대		A
3027	그쪽	대		A
2331	극장	명	劇場	A
1151	근처	명	近處	A
7714	금요일	명	金曜日	A
1289	급04	명	級	A
298	기다리다	동		A
525	기분01	명	氣分	A
4776	기숙사	명	寄宿舍	A
2919	기차01	명	汽車	A
173	길01	명	도로	A
386	길다02	형	밤이 ~	A
7720	김밥	명		A
2207	김치01	명		A
2465	깎다	동		A
1471	깨끗하다	형		A
397	꼭03	부	반드시	A
470	꽃01	명		A
535	꿈01	명		A
2495	끄다01	동	불을 ~	A
333	끝01	명		A
376	끝나다	동		A
1452	끝내다	동		A
8	나03	대		A
196	나가다	동		A
368	나가다	보		A
104	나다01	동		A
226	나라01	명		A
540	나무01	명		A
873	나쁘다01	형		A
50	나오다	동		A
429	나이01	명		A
1018	나중01	명		A
143	날01	명	어느 ~	A
2230	날다01	동		A
1291	날씨01	명		A
2994	날짜01	명		A
1068	남녀	명	男女	A
	남대문	고	南大門	A
	남대문시장	고	南大門市場	A
9077	남동생	명	男-	A
154	남자02	명	男子	A
1598	남쪽	명	南-	A
255	남편01	명	男便	A
5594	남학생	명	男學生	A
1184	낮	명		A
974	낮다	형		A
1941	내년	명	來年	A
182	내다02	보	참아 ~	A
167	내다02	동	길을 ~	A
1041	내려가다	동		A
894	내려오다	동		A
243	내리다01	동	눈이 ~	A
3520	내일	부	來日	A
1270	내일	명	來日	A
13192	냉면	명	冷麵	A
3311	냉장고	명	冷藏庫	A
100	너01	대		A
225	너무01	부		A
638	넓다	형		A
219	넣다	동		A
1304	네02	관		A
357	네03	감		A
6766	넥타이	명	necktie	A
6980	넷01	수		A
10452	넷째	관		A
6198	넷째	수		A
26	년02	의	年	A
8329	노란색	명	-色	A
487	노래01	명		A
3398	노래하다	동		A
8031	노트02	명	note	A
418	놀다01	동		A
594	놀라다	동		A
277	높다	형		A
151	놓다01	보		A
415	놓다01	동		A
114	누구	대		A
1140	누나01	명		A
107	눈01	명	신체의 일부	A
1505	눈04	명	~이 내리다	A
814	눈물01	명		A
914	뉴스	명	news	A
3630	늦다	동		A
949	늦다	형		A
89	다03	부		A
4266	다03	명		A
1876	다녀오다	동		A
284	다니다	동		A
163	다르다01	형		A
82	다른	관		A
747	다리01	명	신체의 일부	A
2466	다리02	명	교량	A
7476	다섯	수		A
20314	다섯째	관		A
15360	다섯째	수		A
81	다시01	부		A
112	다음01	명		A
810	닦다01	동		A
2192	단어	명	單語	A
1959	닫다02	동		A
1115	달05	명		A
620	달05	의		A
4881	달다07	형	맛	A
8336	달러	명	dollar	A
763	달러	의	dollar	A
5088	달력	명	-曆	A
2857	닭	명		A
7478	닭고기	명		A
679	담배	명		A
1453	대답	명	對答	A
1096	대답하다	동	對答-	A
5883	대사관	명	大使館	A
261	대학01	명	大學	A
4416	대학교	명	大學校	A
1944	대학생	명	大學生	A
699	대화06	명	對話	A
1867	댁01	명	宅	A
46	더01	부		A
2678	덥다01	형		A
1732	도서관	명	圖書館	A
423	도시03	명	都市	A
2194	도와주다	동		A
9103	도착01	명	到着	A
1305	도착하다01	동	到着-	A
	독일	고	獨逸	A
140	돈01	명		A
519	돌아가다	동		A
377	돌아오다	동		A
1109	돕다	동		A
1294	동물	명	動物	A
602	동생01	명		A
214	동안01	명	시간의 길이	A
2569	동쪽	명	東-	A
2893	돼지	명		A
4418	돼지고기	명		A
5	되다01	동	어른이 ~	A
63	두01	관		A
575	둘01	수		A
1660	둘째	수		A
2679	둘째	관		A
87	뒤01	명		A
1460	드리다01	동	인사를 ~	A
830	드리다01	보	도와 ~	A
88	듣다01	동	소리를 ~	A
91	들다01	동	여관에 ~	A
130	들다04	동	꽃을 ~	A
158	들어가다01	동		A
256	들어오다	동		A
4996	등산	명	登山	A
1312	따뜻하다	형		A
625	딸01	명		A
8053	딸기	명		A
19	때01	명	시간	A
31	때문	의		A
327	떠나다	동		A
1443	떡01	명		A
40	또	부		A
1376	똑같다	형		A
5201	똑바로	부		A
1852	뛰다01	동	심장이 ~	A
1626	뛰다02	동	빨리 나아가다	A
1178	뜨겁다	형		A
1571	라디오	명	radio	A
2623	라면01	명	&일ramen	A
	러시아	고	Russia	A
1168	마리01	의		A
365	마시다	동		A
148	마음01	명		A
626	마지막	명		A
9548	마흔	수		A
3865	만06	관	萬	A
8359	만06	수	萬	A
166	만나다	동		A
61	만들다	동		A
43	많다	형		A
98	많이	부		A
28	말01	명	~과 글	A
576	말다03	동	그만두다	A
161	말다03	보		A
812	말씀	명		A
1381	말씀하다	동		A
32	말하다	동		A
1077	맑다01	형		A
390	맛01	명		A
15475	맛없다	형		A
1020	맛있다	형		A
393	매우01	부		A
1272	매일	부	每日	A
6784	매일	명	每日	A
2861	맥주	명	麥酒	A
6050	맵다	형		A
288	머리01	명		A
3924	먹다02	보	잊어 ~	A
70	먹다02	동	밥을 ~	A
283	먼저	부		A
718	멀다02	형	갈 길이 ~	A
5002	메뉴	명	menu	A
1021	며칠	명		A
77	명03	의	名. 한 ~	A
3743	몇	수		A
186	몇	관		A
708	모두01	명		A
145	모두01	부		A
137	모든	관		A
59	모르다	동		A
4059	모자08	명	帽子	A
1230	목01	명		A
11099	목요일	명	木曜日	A
3808	목욕	명	沐浴	A
156	몸01	명		A
207	못04	부		A
495	못하다	동		A
3927	못하다	형		A
57	못하다	보		A
1662	무겁다	형		A
221	무슨	관		A
135	무엇	대		A
469	문05	명	門	A
53	문제06	명	問題	A
289	묻다03	동	길을 ~	A
165	물01	명	바닷~	A
560	물건	명	物件	A
213	물론01	부	勿論	A
1483	물어보다	동		A
108	뭐	대		A
339	뭐	감		A
	미국	고	美國	A
1484	미안하다	형	未安-	A
843	미터02	의	meter	A
652	밑01	명		A
432	바꾸다	동		A
7773	바나나	명	banana	A
488	바다	명		A
1663	바람01	의	눈이 오는 ~에	A
478	바람01	명	~이 불다	A
132	바로02	부		A
868	바쁘다	형		A
2627	바지01	명		A
1517	박물관	명	博物館	A
257	밖	명		A
834	반07	명	半	A
933	반11	명	班	A
1868	반갑다	형		A
47	받다01	동	선물을 ~	A
564	발01	명	신체의 일부	A
5491	발음01	명	發音	A
1322	밝다	형		A
276	밤01	명	어두운 때	A
353	밥01	명	~을 먹다	A
318	방07	명	房	A
1581	방학	명	放學	A
850	배01	명	신체의 일부	A
462	배02	명	~를 띄우다	A
5215	배03	명	열매	A
5905	배고프다	형		A
8757	배부르다	형		A
441	배우다01	동		A
15575	백05	수	百	A
2410	백05	관	百	A
1974	백화점	명	百貨店	A
121	버리다01	보		A
719	버스02	명	bus	A
138	번04	의	番	A
4276	번호02	명	番號	A
686	벌써	부		A
1104	벗다	동		A
1346	별01	명		A
1306	병04	명	病	A
1976	병05	명	甁	A
628	병원02	명	病院	A
265	보내다	동		A
21	보다01	보		A
17	보다01	동		A
862	보다02	부	한층 더	A
1392	보통	명	普通	A
1347	복잡하다	형	複雜-	A
9583	볼펜02	명	ball pen	A
972	봄01	명		A
227	부르다01	동	이름을 ~	A
665	부모01	명	父母	A
1160	부모님	명	父母-	A
977	부부03	명	夫婦	A
	부산	고	釜山	A
2159	부엌	명		A
1619	부인01	명	夫人	A
2179	북쪽	명	北-	A
499	분01	의	한 ~	A
302	분08	의	10시 20~	A
506	불01	명		A
3754	불고기	명		A
1263	불다01	동	바람이 ~	A
592	비01	명	~가 내리다	A
6608	비누	명		A
1882	비디오	명	video	A
13411	비빔밥	명		A
760	비슷하다02	형		A
1819	비싸다	형		A
1171	비행기	명	飛行機	A
613	빠르다	형		A
9605	빨간색	명	-色	A
572	빨리	부		A
2130	빵01	명		A
11837	사11	수	四	A
3237	사과05	명	沙果	A
199	사다	동		A
12	사람	명		A
373	사랑01	명		A
764	사랑하다	동		A
1781	사무실	명	事務室	A
15648	사십	수	四十	A
254	사용하다03	동	使用-	A
1006	사월02	명	四月	A
178	사이01	명		A
1116	사장15	명	社長	A
7270	사전22	명	辭典	A
728	사진07	명	寫眞	A
20886	사탕02	명	沙糖	A
465	산01	명	山	A
4802	산책	명	散策	A
581	살04	의	한 ~	A
55	살다01	동		A
5923	삼06	수	三	A
18764	삼십	수	三十	A
1117	삼월	명	三月	A
1089	새03	명	날짐승	A
466	새06	관		A
1358	색03	명	色	A
1603	색깔	명	色-	A
3005	샌드위치	명	sandwich	A
75	생각01	명		A
58	생각하다	동		A
253	생기다	동		A
2803	생선	명	生鮮	A
1963	생일02	명	生日	A
174	생활	명	生活	A
8795	샤워	명	shower	A
206	서다01	동		A
311	서로01	부		A
12580	서른	수		A
	서울	고		A
	서울역	고	-驛	A
5229	서점03	명	書店	A
3152	서쪽	명	西-	A
1741	선물03	명	膳物	A
14518	선물하다	동	膳物-	A
518	선생01	명	先生	A
204	선생님	명	先生-	A
965	설명	명	說明	A
577	설명하다	동	說明-	A
	설악산	고	雪嶽山	A
2236	설탕	명	雪糖	A
413	세01	관	~ 권	A
969	세13	의	歲	A
6621	세수04	명	洗手	A
8809	세탁기	명	洗濯機	A
956	센티미터	의	centimeter	A
2771	셋	수		A
5023	셋째	관		A
2834	셋째	수		A
1401	소개하다01	동	紹介-	A
1221	소금01	명		A
4073	소파06	명	sofa	A
5121	소풍02	명	逍風	A
60	속01	명		A
185	손01	명	신체의 일부	A
1273	손가락	명		A
902	손님	명		A
2181	쇠고기	명		A
9202	쇼핑	명	shopping	A
6	수02	의	방법	A
4527	수건	명	手巾	A
4353	수박01	명	과일	A
919	수업04	명	授業	A
2899	수영02	명	水泳	A
11896	수영장	명	水泳場	A
7818	수요일	명	水曜日	A
1627	숙제03	명	宿題	A
7561	숟가락	명		A
372	술01	명	~을 먹다	A
854	술06	의	밥 한 ~	A
992	쉬다03	동	편안히 ~	A
27846	쉰	수		A
246	쉽다	형		A
6447	슈퍼마켓	명	supermarket	A
4078	스무	관		A
10126	스물	수		A
9214	스키	명	ski	A
1486	스트레스	명	stress	A
1689	스포츠	명	sports	A
2284	슬프다	형		A
2657	시06	명	市	A
193	시10	의	時	A
551	시간04	의	時間	A
99	시간04	명	時間	A
1677	시계01	명	時計	A
1844	시원하다	형		A
1509	시월01	명	十月	A
1454	시작01	명	始作	A
573	시작되다01	동	始作-	A
131	시작하다01	동	始作-	A
218	시장04	명	市場	A
639	시험03	명	試驗	A
1393	식당	명	食堂	A
928	식사03	명	食事	A
5777	식사하다02	동	食事-	A
2932	식탁	명	食卓	A
2715	신다	동		A
513	신문10	명	新聞	A
2199	신발	명		A
7291	실례01	명	失禮	A
17194	실례하다	동	失禮-	A
776	싫다01	형		A
2636	싫어하다	동		A
24036	십	수	十	A
1410	십이월	명	十二月	A
2099	십일월	명	十一月	A
92	싶다	보		A
2240	싸다05	형	집값이 ~	A
1007	싸우다	동		A
169	쓰다01	동	글씨를 ~	A
1795	쓰다02	동	모자를 ~	A
175	쓰다03	동	약을 ~	A
1046	쓰레기	명		A
37	씨07	의	氏	A
947	씻다	동		A
297	아02	감		A
615	아기01	명		A
408	아내01	명		A
817	아니01	부		A
16	아니다	형		A
2447	아니요	감		A
295	아들	명		A
453	아래01	명		A
332	아름답다	형		A
735	아마01	부		A
748	아무01	관		A
908	아무01	대		A
153	아버지	명		A
379	아빠	명		A
96	아이01	명		A
14611	아이스크림	명	ice-cream	A
616	아저씨	명		A
274	아주01	부		A
1743	아주머니	명		A
2419	아줌마	명		A
201	아직01	부		A
323	아침	명		A
851	아파트	명	apartment	A
589	아프다	형		A
12669	아홉	수		A
49265	아흔	수		A
118	안01	명	집 ~	A
44	안02	부	아니	A
2659	안경03	명	眼鏡	A
7294	안녕	감	安寧	A
1978	안녕하다	형	安寧-	A
4444	안녕히	부	安寧-	A
929	안다01	동		A
2970	안되다01	동	공부가 ~	A
183	앉다	동		A
1859	않다	동		A
11	않다	보		A
36	알다	동		A
64	앞	명		A
2688	야구02	명	野球	A
2027	약07	명	藥	A
7298	약국02	명	藥局	A
1203	약속	명	約束	A
2660	약속하다	동	約束-	A
5248	양말01	명	洋襪	A
4535	양복01	명	洋服	A
237	얘기	명	이야기	A
736	얘기하다	동		A
446	어02	감		A
975	어깨01	명		A
133	어느01	관		A
1846	어디01	감		A
155	어디01	대		A
845	어떠하다	형		A
67	어떤	관		A
76	어떻다	형		A
223	어렵다	형		A
653	어른01	명		A
802	어린이01	명		A
106	어머니01	명		A
1522	어서01	부		A
2138	어제01	부		A
2252	어제01	명	어저께	A
497	언니	명		A
891	언제01	부		A
1008	언제01	대		A
794	언제나	부		A
157	얼굴01	명		A
402	얼마	명		A
285	얼마나	부		A
240	엄마	명		A
10	없다01	형		A
7071	에어컨	명	air conditioner	A
4142	여권02	명	旅券	A
144	여기01	대		A
34841	여덟	수		A
6102	여동생	명	女同生	A
13584	여든	수		A
117	여러	관		A
1300	여러분	대		A
766	여름01	명		A
3081	여보세요	감		A
17283	여섯	수		A
84	여자02	명	女子	A
3287	여학생	명	女學生	A
984	여행02	명	旅行	A
5949	여행하다01	동	旅行-	A
4087	역14	명	驛	A
208	역사04	명	歷史	A
1896	연습03	명	練習	A
5382	연습하다03	동	練習-	A
3703	연필	명	鉛筆	A
9266	열03	수		A
287	열다02	동	문을 ~	A
4143	열쇠	명		A
660	열심히	부	熱心-	A
	영국	고	英國	A
1090	영어02	명	英語	A
341	영화01	명	映畵	A
444	옆	명		A
605	예06	감		A
1009	예쁘다	형		A
21340	예순	수		A
617	옛날	명		A
21348	오04	수	五	A
544	오늘	부		A
310	오늘	명		A
71	오다01	보		A
35	오다01	동		A
978	오래02	부		A
6108	오래간만	명		A
2390	오랜만	명		A
4145	오렌지	명	orange	A
394	오르다	동		A
1897	오른쪽	명		A
1000	오빠	명		A
19100	오십	수	五十	A
991	오월01	명	五月	A
1193	오전02	명	午前	A
606	오후02	명	午後	A
669	올라가다	동		A
701	올해	명		A
530	옷01	명		A
159	왜02	부		A
1301	왜냐하면	부		A
651	외국02	명	外國	A
5040	외국어	명	外國語	A
1611	외국인	명	外國人	A
1822	왼쪽	명		A
1604	요리05	명	料理	A
14695	요리하다02	동	料理-	A
7586	요일	명	曜日	A
2603	요즈음	명		A
399	요즘	명		A
13	우리03	대		A
181	우리나라	명		A
1632	우산01	명	雨傘	A
2065	우유02	명	牛乳	A
5791	우체국	명	郵遞局	A
123	운동02	명	運動	A
2534	운동장	명	運動場	A
4822	운동하다	동	運動-	A
9285	운동화	명	運動靴	A
3707	운전02	명	運轉	A
7864	운전하다	동	運轉-	A
596	울다01	동	울음을 ~	A
324	웃다	동		A
74	원01	의	화폐 단위	A
6854	월02	의	月	A
4823	월요일	명	月曜日	A
122	위01	명	~아래	A
1744	위험	명	危險	A
2141	위험하다	형	危險-	A
1605	유명하다01	형	有名-	A
1080	유월01	명	六月	A
17406	육02	수	六	A
28580	육십	수	六十	A
599	은행02	명	銀行	A
395	음식	명	飮食	A
586	음악01	명	音樂	A
1295	의사12	명	醫師	A
2292	의자03	명	椅子	A
2692	이03	명	신체	A
30	이05	대		A
14	이05	관		A
9733	이09	수	二	A
314	이거01	대		A
170	이것	대		A
624	이곳	대		A
548	이때	명		A
83	이런01	관		A
105	이렇다	형		A
241	이름	명		A
172	이번01	명	-番	A
8505	이분01	대		A
51771	이십	수	二十	A
197	이야기	명		A
539	이야기하다	동		A
1783	이월01	명	二月	A
370	이제01	명		A
210	이제01	부		A
1885	이쪽02	대		A
515	이해하다02	동	理解-	A
1488	인사01	명	人士	A
1204	인사02	명	人事	A
4096	인사하다	동	人事-	A
	인천	고	仁川	A
29	일01	명		A
7600	일05	수	一	A
41	일07	의	하루	A
17461	일곱	수		A
	일본	고	日本	A
12030	일본어	명	日本語	A
216	일어나다	동		A
1784	일요일	명	日曜日	A
1725	일월01	명	一月	A
1456	일주일	명	一週日	A
1186	일찍	부		A
661	일하다	동		A
13695	일흔	수		A
209	읽다	동		A
756	잃다	동		A
2606	잃어버리다	동		A
338	입	명		A
354	입다01	동	옷을 ~	A
888	있다01	동		A
3	있다01	보		A
4	있다01	형		A
931	잊다01	동		A
2905	잊어버리다	동		A
1680	잎01	명		A
541	자다01	동		A
796	자동차	명	自動車	A
229	자리01	명	~가 없다	A
5048	자장면	명	&중Zhajiangmian	A
1224	자전거	명	自轉車	A
674	자주01	부		A
1040	작년	명	昨年	A
259	작다01	형		A
884	잔03	명	盞	A
68	잘02	부		A
479	잘하다	동		A
640	잠01	명		A
2607	잠깐	부		A
2582	잠깐	명		A
722	잠시	부	暫時	A
4547	잠자다	동		A
202	잡다01	동		A
6878	잡수시다	동		A
1862	잡지	명	雜誌	A
925	장22	의	張. 종이 한 ~	A
12818	장미05	명	薔薇	A
1325	장소05	명	場所	A
1439	재미01	명		A
5538	재미없다	형		A
697	재미있다	형		A
56	저03	대	일인칭 대명사	A
460	저04	관	멀리 있는 대상	A
7608	저04	대	멀리 있는 대상	A
4015	저거01	대		A
4304	저것	대		A
52763	저곳	대		A
1692	저기01	대		A
634	저녁	명		A
2031	저쪽	대		A
1334	적다01	동	답을 ~	A
590	적다02	형	경험이 ~	A
534	전08	관	前	A
115	전08	명	前	A
375	전화07	명	電話	A
3836	전화번호	명	電話番號	A
4461	전화하다02	동	電話-	A
2256	점심	명	點心	A
6132	점심시간	명	點心時間	A
4550	젓가락	명		A
5966	정류장	명	停留場	A
349	정말01	부	正-	A
733	제일04	명	第一	A
	제주도	고	濟州島	A
738	조금01	부		A
663	조금01	명		A
2610	조용하다01	형		A
2845	졸업	명	卒業	A
2145	졸업하다	동	卒業-	A
90	좀02	부	조금	A
1423	종이01	명		A
45	좋다01	형		A
438	좋아하다	동		A
2724	죄송하다	형	罪悚-	A
2585	주26	의	週	A
2183	주26	명	週	A
23	주다01	보		A
101	주다01	동		A
1933	주말02	명	週末	A
4836	주소01	명	住所	A
5553	주스	명	juice	A
825	주인01	명	主人	A
231	죽다01	동	굶어 ~	A
1074	준비	명	準備	A
1107	준비하다	동	準備-	A
	중국	고	中國	A
19454	중국어	명	中國語	A
220	중요하다02	형	重要-	A
1996	중학교	명	中學校	A
5053	중학생	명	中學生	A
1002	즐겁다	형		A
3888	지갑03	명	紙匣	A
195	지금03	부	只今	A
176	지금03	명	只今	A
1643	지난달	명		A
7371	지난주	명	-週	A
600	지내다01	동		A
1901	지도03	명	地圖	A
11421	지우개	명		A
2812	지우다01	동	낙서를 ~	A
1745	지하	명	地下	A
1755	지하철	명	地下鐵	A
1144	질문	명	質問	A
7634	질문하다	동	質問-	A
49	집01	명		A
9356	짜다03	형	음식이 ~	A
856	짧다	형		A
233	쪽05	의	방향	A
6693	찌개01	명		A
1188	찍다02	동	서류에 도장을 ~	A
417	차06	명	車	A
3052	차09	명	茶	A
622	참01	부	참으로	A
2033	창문	명	窓門	A
191	찾다	동		A
215	책01	명	冊	A
1653	책상01	명	冊床	A
184	처음	명		A
24937	천03	수	千	A
3090	천03	관	千	A
1683	천천히	부		A
4386	첫째	관		A
1728	첫째	수		A
10274	청바지	명	靑-	A
2484	청소06	명	淸掃	A
4946	청소하다03	동	淸掃-	A
7129	초대06	명	招待	A
5293	초대하다02	동	招待-	A
9369	초등학교	명	初等學校	A
8235	초콜릿	명	chocolate	A
2426	추다02	동	춤을 ~	A
1317	축구04	명	蹴球	A
4656	축하하다	동	祝賀-	A
1982	출발하다	동	出發-	A
1458	춤01	명		A
5154	춤추다	동		A
1654	춥다	형		A
2671	취미04	명	趣味	A
922	층02	명	層	A
366	치다02	동	얼굴을 ~	A
2457	치마01	명		A
7649	치약	명	齒藥	A
147	친구02	명	親舊	A
3894	친절하다	형	親切-	A
14947	칠01	수	七	A
19607	칠십	수	七十	A
1404	칠월	명	七月	A
10833	칠판	명	漆板	A
1670	침대02	명	寢臺	A
8589	칫솔	명	齒-	A
2184	카드	명	card	A
2298	카메라	명	camera	A
2273	칼01	명	베는 도구	A
	캐나다	고	Canada	A
383	커피	명	coffee	A
282	컴퓨터	명	computer	A
1414	컵	명	cup	A
2427	켜다01	동	성냥을 ~	A
1335	코01	명		A
5567	콜라	명	cola	A
39	크다01	형		A
2726	크다01	동		A
10839	크리스마스	명	Christmas	A
1124	키01	명	신장	A
260	타다02	동	버스에 ~	A
6321	태권도	명	跆拳道	A
684	태어나다	동		A
1824	택시	명	taxi	A
5157	테니스	명	tennis	A
2639	테이블	명	table	A
940	텔레비전	명	television	A
2327	토요일	명	土曜日	A
971	티브이	명	TV	A
664	팀01	명	team	A
12965	파란색	명	-色	A
4849	파티	명	party	A
957	팔01	명	신체의 일부	A
16291	팔03	수	八	A
657	팔다	동		A
29719	팔십	수	八十	A
1527	팔월	명	八月	A
124	퍼센트	의	percent	A
952	편지02	명	便紙	A
8603	포도06	명	葡萄	A
2090	표04	명	票	A
	프랑스	고	France	A
2641	피곤하다	형	疲困-	A
4572	피아노01	명	piano	A
1239	피우다01	동		A
8264	피자	명	&이pizza	A
342	필요	명	必要	A
251	필요하다	형	必要-	A
119	하나	수		A
242	하나	명		A
344	하늘01	명		A
7	하다01	보		A
2	하다01	동		A
467	하지만	부		A
125	학교	명	學校	A
512	학년	명	學年	A
238	학생	명	學生	A
27	한01	관		A
	한강	고	漢江	A
	한국	고	韓國	A
6930	한국말	명	韓國-	A
2642	한국어	명	韓國語	A
1267	한글01	명		A
382	한번	명	-番	A
2614	한복	명	韓服	A
2643	한자02	명	漢字	A
536	할머니	명		A
682	할아버지	명		A
95	함께	부		A
754	항상	부	恒常	A
1551	해01	의		A
755	해01	명		A
10334	핸드폰	명	hand phone	A
6340	햄버거	명	hamburger	A
1082	허리01	명		A
702	형01	명	兄	A
1544	호14	의	號	A
	호주	고	濠洲	A
2460	호텔	명	hotel	A
367	혼자01	명		A
1714	화06	명	~를 내다	A
13987	화요일	명	火曜日	A
1904	화장실	명	化粧室	A
689	환자03	명	患者	A
389	회사04	명	會社	A
537	회의04	명	會議	A
149	후08	명	後	A
5070	휴일	명	休日	A
6169	휴지02	명	休紙	A
10353	휴지통	명	休紙桶	A
1999	흰색	명	-色	A
224	힘01	명		A
489	힘들다	형		A
